{"cameraMode":{"drawMode":0,"name":"Shaded","section":"Shading Mode"},"sceneLighting":false,"audioPlay":false,"sceneViewState":{"showFog":true,"showMaterialUpdate":false,"showSkybox":false,"showFlares":true,"showImageEffects":true,"showParticleSystems":true},"in2DMode":false,"pivot":{"x":0.06822165101766586,"y":0.1910746991634369,"z":-0.04228059947490692},"rotation":{"x":-0.17337468266487122,"y":-0.024523187428712846,"z":0.004318546038120985,"w":-0.9845419526100159},"size":0.23965394496917725,"orthographic":false}