{"cameraMode":{"drawMode":0,"name":"Shaded","section":"Shading Mode"},"sceneLighting":true,"audioPlay":false,"sceneViewState":{"showFog":true,"showMaterialUpdate":false,"showSkybox":true,"showFlares":true,"showImageEffects":true,"showParticleSystems":true},"in2DMode":false,"pivot":{"x":15.281525611877442,"y":-0.9062734842300415,"z":-19.11785888671875},"rotation":{"x":0.19116395711898805,"y":-0.46165671944618227,"z":0.10261759161949158,"w":0.8601431250572205},"size":16.078720092773439,"orthographic":false}