{"cameraMode":{"drawMode":0,"name":"Shaded","section":"Shading Mode"},"sceneLighting":true,"audioPlay":false,"sceneViewState":{"showFog":true,"showMaterialUpdate":false,"showSkybox":true,"showFlares":true,"showImageEffects":true,"showParticleSystems":true},"in2DMode":false,"pivot":{"x":7.240828990936279,"y":0.06941556930541992,"z":-15.744841575622559},"rotation":{"x":-0.4090299606323242,"y":-0.0210788045078516,"z":0.009451963007450104,"w":-0.9122304916381836},"size":2.4681758880615236,"orthographic":false}