{"cameraMode":{"drawMode":0,"name":"Shaded","section":"Shading Mode"},"sceneLighting":false,"audioPlay":false,"sceneViewState":{"showFog":true,"showMaterialUpdate":false,"showSkybox":false,"showFlares":true,"showImageEffects":true,"showParticleSystems":true},"in2DMode":false,"pivot":{"x":3.5662620067596437,"y":-0.24229757487773896,"z":-14.440879821777344},"rotation":{"x":-0.2156739979982376,"y":0.5625970959663391,"z":-0.1549825668334961,"w":-0.7829113602638245},"size":2.307769775390625,"orthographic":false}