{"cameraMode":{"drawMode":0,"name":"Shaded","section":"Shading Mode"},"sceneLighting":false,"audioPlay":false,"sceneViewState":{"showFog":true,"showMaterialUpdate":false,"showSkybox":false,"showFlares":true,"showImageEffects":true,"showParticleSystems":true},"in2DMode":false,"pivot":{"x":2.2278215885162355,"y":0.733296275138855,"z":0.1659085750579834},"rotation":{"x":0.0861450806260109,"y":0.40676286816596987,"z":-0.038532789796590808,"w":0.9086624383926392},"size":1.579261302947998,"orthographic":false}