{"cameraMode":{"drawMode":0,"name":"Shaded","section":"Shading Mode"},"sceneLighting":true,"audioPlay":false,"sceneViewState":{"showFog":true,"showMaterialUpdate":false,"showSkybox":true,"showFlares":true,"showImageEffects":true,"showParticleSystems":true},"in2DMode":false,"pivot":{"x":7.063056945800781,"y":-0.5911630392074585,"z":-15.007854461669922},"rotation":{"x":0.09645792096853256,"y":-0.356533944606781,"z":0.03704346716403961,"w":0.9285668134689331},"size":4.385716438293457,"orthographic":false}