{"cameraMode":{"drawMode":0,"name":"Shaded","section":"Shading Mode"},"sceneLighting":false,"audioPlay":false,"sceneViewState":{"showFog":true,"showMaterialUpdate":false,"showSkybox":false,"showFlares":true,"showImageEffects":true,"showParticleSystems":true},"in2DMode":false,"pivot":{"x":9.959049224853516,"y":-0.8989387154579163,"z":-11.76171875},"rotation":{"x":-0.038314756006002429,"y":0.9335554838180542,"z":-0.3405733108520508,"w":-0.10503397881984711},"size":1.2610211372375489,"orthographic":false}