{"cameraMode":{"drawMode":0,"name":"Shaded","section":"Shading Mode"},"sceneLighting":false,"audioPlay":false,"sceneViewState":{"showFog":true,"showMaterialUpdate":false,"showSkybox":false,"showFlares":true,"showImageEffects":true,"showParticleSystems":true},"in2DMode":false,"pivot":{"x":-1.1965683698654175,"y":0.5673712491989136,"z":0.4768892526626587},"rotation":{"x":0.250206857919693,"y":-0.40171968936920168,"z":0.11509139835834503,"w":0.8733853101730347},"size":1.5128798484802247,"orthographic":false}