{"cameraMode":{"drawMode":0,"name":"Shaded","section":"Shading Mode"},"sceneLighting":false,"audioPlay":false,"sceneViewState":{"showFog":true,"showMaterialUpdate":false,"showSkybox":false,"showFlares":true,"showImageEffects":true,"showParticleSystems":true},"in2DMode":false,"pivot":{"x":-0.8454470634460449,"y":-0.07047028839588165,"z":0.012003534473478794},"rotation":{"x":0.4298446774482727,"y":-0.541211724281311,"z":0.3774793744087219,"w":0.6163296103477478},"size":1.5128798484802247,"orthographic":false}