{"cameraMode":{"drawMode":0,"name":"Shaded","section":"Shading Mode"},"sceneLighting":true,"audioPlay":false,"sceneViewState":{"showFog":true,"showMaterialUpdate":false,"showSkybox":true,"showFlares":true,"showImageEffects":true,"showParticleSystems":true},"in2DMode":false,"pivot":{"x":-169.74488830566407,"y":132.93423461914063,"z":-82.4902114868164},"rotation":{"x":0.40387967228889468,"y":0.37779203057289126,"z":-0.18795832991600038,"w":0.8116949200630188},"size":548.3314819335938,"orthographic":false}