{"cameraMode":{"drawMode":0,"name":"Shaded","section":"Shading Mode"},"sceneLighting":true,"audioPlay":false,"sceneViewState":{"showFog":true,"showMaterialUpdate":false,"showSkybox":true,"showFlares":true,"showImageEffects":true,"showParticleSystems":true},"in2DMode":false,"pivot":{"x":27.688413619995118,"y":3.318394422531128,"z":-22.65930938720703},"rotation":{"x":-0.1288033127784729,"y":0.04729649797081947,"z":-0.006150499917566776,"w":-0.9905244708061218},"size":5.452951431274414,"orthographic":false}