{"cameraMode":{"drawMode":0,"name":"Shaded","section":"Shading Mode"},"sceneLighting":false,"audioPlay":false,"sceneViewState":{"showFog":true,"showMaterialUpdate":false,"showSkybox":false,"showFlares":true,"showImageEffects":true,"showParticleSystems":true},"in2DMode":false,"pivot":{"x":-0.018004179000854493,"y":3.093073844909668,"z":0.0},"rotation":{"x":-0.17337468266487122,"y":-0.024523187428712846,"z":0.004318546038120985,"w":-0.9845419526100159},"size":3.9467270374298097,"orthographic":false}