{"cameraMode":{"drawMode":0,"name":"Shaded","section":"Shading Mode"},"sceneLighting":false,"audioPlay":false,"sceneViewState":{"showFog":true,"showMaterialUpdate":false,"showSkybox":false,"showFlares":true,"showImageEffects":true,"showParticleSystems":true},"in2DMode":false,"pivot":{"x":1.469534158706665,"y":1.0592637062072755,"z":0.07999996840953827},"rotation":{"x":0.018743176013231279,"y":0.27764758467674258,"z":-0.005411203950643539,"w":0.9604999423027039},"size":0.3792613744735718,"orthographic":false}