{"cameraMode":{"drawMode":0,"name":"Shaded","section":"Shading Mode"},"sceneLighting":false,"audioPlay":false,"sceneViewState":{"showFog":true,"showMaterialUpdate":false,"showSkybox":false,"showFlares":true,"showImageEffects":true,"showParticleSystems":true},"in2DMode":false,"pivot":{"x":-5.7890167236328129,"y":27.936111450195314,"z":3.445556640625},"rotation":{"x":-0.12138722836971283,"y":-0.4516615569591522,"z":0.062175203114748,"w":-0.8817110061645508},"size":245.5072479248047,"orthographic":false}