{"cameraMode":{"drawMode":0,"name":"Shaded","section":"Shading Mode"},"sceneLighting":false,"audioPlay":false,"sceneViewState":{"showFog":true,"showMaterialUpdate":false,"showSkybox":false,"showFlares":true,"showImageEffects":true,"showParticleSystems":true},"in2DMode":false,"pivot":{"x":48.847999572753909,"y":0.5548369288444519,"z":-49.590904235839847},"rotation":{"x":0.2552087604999542,"y":0.38502711057662966,"z":-0.11167971789836884,"w":0.8798581957817078},"size":1.7483797073364258,"orthographic":false}