{"cameraMode":{"drawMode":0,"name":"Shaded","section":"Shading Mode"},"sceneLighting":false,"audioPlay":false,"sceneViewState":{"showFog":true,"showMaterialUpdate":false,"showSkybox":false,"showFlares":true,"showImageEffects":true,"showParticleSystems":true},"in2DMode":false,"pivot":{"x":9.969433784484864,"y":-0.49000003933906557,"z":-11.984999656677246},"rotation":{"x":-0.023211533203721048,"y":0.7447041869163513,"z":-0.0259319469332695,"w":-0.6664990782737732},"size":0.3610210418701172,"orthographic":false}